{"cameraMode":{"drawMode":0,"name":"Shaded","section":"Shading Mode"},"sceneLighting":false,"audioPlay":false,"sceneViewState":{"showFog":true,"showMaterialUpdate":false,"showSkybox":false,"showFlares":true,"showImageEffects":true,"showParticleSystems":true},"in2DMode":false,"pivot":{"x":5.960464477539063e-8,"y":0.9197506904602051,"z":11.0600004196167},"rotation":{"x":0.38749754428863528,"y":-0.10748595744371414,"z":0.04554743692278862,"w":0.9144536852836609},"size":2.6295576095581056,"orthographic":false}