{"cameraMode":{"drawMode":0,"name":"Shaded","section":"Shading Mode"},"sceneLighting":false,"audioPlay":false,"sceneViewState":{"showFog":true,"showMaterialUpdate":false,"showSkybox":false,"showFlares":true,"showImageEffects":true,"showParticleSystems":true},"in2DMode":false,"pivot":{"x":-0.10565006732940674,"y":0.026498407125473024,"z":0.09351480007171631},"rotation":{"x":0.16246728599071504,"y":0.31783613562583926,"z":-0.05537939816713333,"w":0.9324828386306763},"size":0.41110384464263918,"orthographic":false}